Comment,Designator,Footprint,LCSC,Quantity
1.8nH,L1,L_0402_1005Metric,C77107,1
100k,"R18,R61,R62,R75,R9",R_0402_1005Metric,C25741,5
100k 1%,R31,R_0402_1005Metric,C25741,1
100nF,"C14,C15,C16,C19,C20,C22,C23,C24,C3,C49,C51,C52,C53,C54,C59,C7,C8",C_0402_1005Metric,C1525,17
100nF 16V,"C40,C69",C_0402_1005Metric,C1525,2
10k,"R15,R16,R17,R19,R20,R41,R43,R50,R51,R53,R54,R57,R58,R59,R60,R63,R64,R65,R66,R67,R71,R73,R74,R77,R78,R81,R82,R83,R84",R_0402_1005Metric,C25744,29
10k 1%,R33,R_0402_1005Metric,C25744,1
10nF,"C12,C25,C45",C_0402_1005Metric,C15195,3
10uF,"C18,C21,C42,C43,C5,C66,C67,C68",C_0603_1608Metric,C96446,8
10uF 16V,C44,C_0603_1608Metric,C96446,1
10uF 6V3,C41,C_0603_1608Metric,C96446,1
1k,"R10,R11,R12,R13,R14,R24,R44,R7,R8",R_0402_1005Metric,C11702,9
1uF,"C11,C13,C17,C39,C4,C50,C55,C56,C57,C6,C60",C_0402_1005Metric,C52923,11
22R,"R32,R5,R6",R_0402_1005Metric,C25092,3
3.3pF,C1,C_0402_1005Metric,C76906,1
3.9nH,L2,L_0402_1005Metric,C3911386,1
4.7pF,C2,C_0402_1005Metric,C161327,1
67996-104HLF,J3,PinHeader_2x02_P2.54mm_Vertical,C3328102,1
AMCA31-2R450G-S1F-T3,AE1,AMCA31-2R450G-S1F-T3,C3283994,1
AO3400A,"Q1,Q12,Q6,Q7",SOT-23,C20917,4
AO3401A,"Q2,Q4,Q8",SOT-23,C15127,3
B5819W SL,"D14,D3,D4",D_SOD-123,C8598,3
BM06B-GHS-TBT(LF)(SN),J8,JST_GH_BM06B-GHS-TBT_1x06-1MP_P1.25mm_Vertical,C189892,1
DB125-3.5-6P-GN-S,J5,"TerminalBlock_Phoenix_PT-1,5-6-3.5-H_1x06_P3.50mm_Horizontal",C5290323,1
ESP32-S3FN8,U1,ESP32-S3,C2913196,1
GMD0955YB-3V2700,LS1,MagneticBuzzer_PUI_AT-0927-TT-6-R,C252933,1
H3LIS331,U3,LIS331,C2655074,1
JK-nSMD050-30,"F2,F3,F4",Fuse_1206_3216Metric,C720075,3
LDL1117S50R,U10,AZ1117CH-5.0TRG1,C970558,1
LSM6DSV32,U4,LSM6DSO32,C22461202,1
MS560702BA03-50,U2,MS5607,C97627,1
MWSA0402S-2R2MT,L4,INDPM4442X200N,C408335,1
Molex 104031-0811,J14,microSD_HC_Molex_104031-0811,C585350,1
TPS62142,IC1,QFN50P300X300X100-17N-D,C129331,1
USB4105-GF-A-120,J4,USB_C_16P_SMD_USB4105-GF-A,C5184243,1
USBLC6-2SC6-ES,U11,SOT-23-6,C5180249,1
W25Q256,U13,SON127P800X600X80-9N-D,C2980994,1
WS2812B-2020,"D10,D11,D12,D13",WS2812B-2020,C52917434,4
X1G0054210307,Y2,Oscillator_SMD_SeikoEpson_TG2520SMN-xxx-xxxxxx-4Pin_2.5x2.0mm,C3007519,1
2200uF 16V,C61,CP_Radial_D10.0mm_P5.00mm,,1
