Designator,Val,Package,Mid X,Mid Y,Rotation,Layer
AE1,AMCA31-2R450G-S1F-T3,AMCA31-2R450G-S1F-T3,20.4,-17.8,90.0,bottom
C1,3.3pF,C_0402_1005Metric,19.9,-21.6,0.0,bottom
C11,1uF,C_0402_1005Metric,13.2,-31.3,0.0,bottom
C12,10nF,C_0402_1005Metric,12.511,-25.67,135.0,bottom
C13,1uF,C_0402_1005Metric,13.175,-26.35,135.0,bottom
C14,100nF,C_0402_1005Metric,3.769992,-31.71058,315.0,bottom
C15,100nF,C_0402_1005Metric,10.025,-21.725,135.0,bottom
C16,100nF,C_0402_1005Metric,7.3,-13.5,90.0,bottom
C17,1uF,C_0402_1005Metric,6.325,-14.5,270.0,bottom
C18,10uF,C_0603_1608Metric,6.5,-5.86,90.0,bottom
C19,100nF,C_0402_1005Metric,7.55,-6.35,90.0,bottom
C2,4.7pF,C_0402_1005Metric,18.55,-22.05,90.0,bottom
C20,100nF,C_0402_1005Metric,8.5,-4.05,0.0,bottom
C21,10uF,C_0603_1608Metric,4.9,0.1,0.0,bottom
C22,100nF,C_0402_1005Metric,7.556953,1.567264,0.0,bottom
C23,100nF,C_0402_1005Metric,7.775,-1.4,90.0,bottom
C24,100nF,C_0402_1005Metric,12.39,-21.34,90.0,bottom
C25,10nF,C_0402_1005Metric,13.89,-24.35,180.0,bottom
C3,100nF,C_0402_1005Metric,1.875,-27.825,270.0,bottom
C39,10nF,C_0402_1005Metric,14.35,-60.45,180.0,bottom
C4,1uF,C_0402_1005Metric,0.925,-27.825,270.0,bottom
C40,100nF 16V,C_0402_1005Metric,6.5,-50.5,90.0,bottom
C41,10uF 6V3,C_0603_1608Metric,6.25,-47.63,90.0,bottom
C42,10uF,C_0603_1608Metric,5.825,-54.1,180.0,bottom
C43,10uF,C_0603_1608Metric,5.825,-56.6,180.0,bottom
C44,10uF 16V,C_0603_1608Metric,1.075,-61.65,0.0,bottom
C45,10nF,C_0402_1005Metric,5.3,-60.7,0.0,bottom
C49,100nF,C_0402_1005Metric,0.125,-14.775,315.0,bottom
C5,10uF,C_0603_1608Metric,16.61,-29.48,90.0,bottom
C50,1uF,C_0402_1005Metric,-0.475,-14.175,315.0,bottom
C51,100nF,C_0402_1005Metric,11.928296,1.450421,180.0,bottom
C52,100nF,C_0402_1005Metric,10.325,-52.4625,0.0,bottom
C53,100nF,C_0402_1005Metric,10.325,-59.425,0.0,bottom
C54,100nF,C_0402_1005Metric,10.325,-45.5,0.0,bottom
C55,1uF,C_0402_1005Metric,12.75,-56.41,90.0,bottom
C56,1uF,C_0402_1005Metric,12.75,-49.39,90.0,bottom
C57,1uF,C_0402_1005Metric,12.75,-42.28,90.0,bottom
C59,100nF,C_0402_1005Metric,-0.47,-22.87,0.0,bottom
C6,1uF,C_0402_1005Metric,15.6,-29.93,90.0,bottom
C60,1uF,C_0402_1005Metric,-0.47,-23.79,0.0,bottom
C61,2200uF 16V,CP_Radial_D10.0mm_P5.00mm,2.517677,-42.75,180.0,top
C66,10uF,C_0603_1608Metric,1.84,-23.57,180.0,bottom
C67,10uF,C_0603_1608Metric,5.825,-52.85,180.0,bottom
C68,10uF,C_0603_1608Metric,5.825,-55.35,180.0,bottom
C69,100nF 16V,C_0402_1005Metric,3.4,-61.7,180.0,bottom
C7,100nF,C_0402_1005Metric,14.7,-29.93,90.0,bottom
C8,100nF,C_0402_1005Metric,13.2,-29.4,180.0,bottom
D10,WS2812B-2020,WS2812B-2020,9.5,-0.0,0.0,top
D11,WS2812B-2020,WS2812B-2020,12.6,-43.8,180.0,top
D12,WS2812B-2020,WS2812B-2020,12.6,-50.925,180.0,top
D13,WS2812B-2020,WS2812B-2020,12.6,-58.05,180.0,top
D14,B5819W SL,D_SOD-123,3.5,-37.25,180.0,bottom
D3,B5819W SL,D_SOD-123,-1.65,-35.1,90.0,bottom
D4,B5819W SL,D_SOD-123,3.45,-63.1,180.0,bottom
F2,JK-nSMD050-30,Fuse_1206_3216Metric,14.78,-58.45,0.0,bottom
F3,JK-nSMD050-30,Fuse_1206_3216Metric,14.78,-51.55,0.0,bottom
F4,JK-nSMD050-30,Fuse_1206_3216Metric,14.78,-44.45,0.0,bottom
H1,M3,MountingHole_3.2mm_M3_DIN965_Pad,0.0,-68.0,0.0,top
H2,M3,MountingHole_3.2mm_M3_DIN965_Pad,19.0,-68.0,0.0,top
H3,M3,MountingHole_3.2mm_M3_DIN965_Pad,19.0,-0.0,0.0,top
H4,M3,MountingHole_3.2mm_M3_DIN965_Pad,0.0,-0.0,0.0,top
IC1,TPS62142,QFN50P300X300X100-17N-D,2.4,-59.0,270.0,bottom
J14,Molex 104031-0811,microSD_HC_Molex_104031-0811,7.0125,-23.7,90.0,top
J3,67996-104HLF,PinHeader_2x02_P2.54mm_Vertical,19.48,-7.07,0.0,top
J4,USB4105-GF-A-120,USB_C_16P_SMD_USB4105-GF-A,1.835,-8.1668,-90.0,top
J5,DB125-3.5-6P-GN-S,"TerminalBlock_Phoenix_PT-1,5-6-3.5-H_1x06_P3.50mm_Horizontal",18.06,-49.67,90.0,top
J8,BM06B-GHS-TBT(LF)(SN),JST_GH_BM06B-GHS-TBT_1x06-1MP_P1.25mm_Vertical,15.875,-35.3,0.0,top
L1,1.8nH,L_0402_1005Metric,19.885,-22.5,0.0,bottom
L2,3.9nH,L_0402_1005Metric,13.2,-30.35,0.0,bottom
L4,MWSA0402S-2R2MT,INDPM4442X200N,1.325,-54.525,180.0,bottom
LS1,GMD0955YB-3V2700,MagneticBuzzer_PUI_AT-0927-TT-6-R,3.5,-35.25,0.0,top
M1,~,Reference_frame,19.45,-12.925,0.0,top
Q1,AO3400A,SOT-23,5.5,-39.75,90.0,bottom
Q12,AO3400A,SOT-23,11.1,-41.1,90.0,bottom
Q2,AO3401A,SOT-23,15.05,-55.0,90.0,bottom
Q4,AO3401A,SOT-23,15.05,-48.0,90.0,bottom
Q6,AO3400A,SOT-23,11.1,-55.1,90.0,bottom
Q7,AO3400A,SOT-23,11.1,-48.1,90.0,bottom
Q8,AO3401A,SOT-23,15.05,-41.01,90.0,bottom
R10,1k,R_0402_1005Metric,18.89,-28.93,180.0,bottom
R11,1k,R_0402_1005Metric,18.89,-30.2,180.0,bottom
R12,1k,R_0402_1005Metric,18.89,-26.39,180.0,bottom
R13,1k,R_0402_1005Metric,18.89,-27.679269,180.0,bottom
R14,1k,R_0402_1005Metric,16.45,-5.95,270.0,bottom
R15,10k,R_0402_1005Metric,13.25,-32.25,180.0,bottom
R16,10k,R_0402_1005Metric,7.325,-9.85,270.0,bottom
R17,10k,R_0402_1005Metric,12.25,0.05,270.0,bottom
R18,100k,R_0402_1005Metric,13.475,-35.775,0.0,bottom
R19,10k,R_0402_1005Metric,12.6032,-7.65,90.0,bottom
R20,10k,R_0402_1005Metric,17.99,-32.69,90.0,bottom
R24,1k,R_0402_1005Metric,16.45,-8.25,270.0,bottom
R31,100k 1%,R_0402_1005Metric,14.35,-62.36,0.0,bottom
R32,10k,R_0402_1005Metric,7.5,-33.825,90.0,bottom
R33,10k 1%,R_0402_1005Metric,14.35,-61.4,180.0,bottom
R41,10k,R_0402_1005Metric,9.0,-17.75,225.0,bottom
R43,10k,R_0402_1005Metric,3.25,-35.5,270.0,bottom
R44,1k,R_0402_1005Metric,6.92,-37.81,270.0,bottom
R5,22R,R_0402_1005Metric,2.5,-30.55,135.0,bottom
R50,10k,R_0402_1005Metric,16.5,-35.05,90.0,bottom
R51,10k,R_0402_1005Metric,17.75,-35.05,90.0,bottom
R53,10k,R_0402_1005Metric,12.74,-53.77,270.0,bottom
R54,10k,R_0402_1005Metric,12.74,-46.8,270.0,bottom
R57,10k,R_0402_1005Metric,9.875,-57.575,270.0,bottom
R58,10k,R_0402_1005Metric,9.875,-50.6,270.0,bottom
R59,10k,R_0402_1005Metric,-0.45,-25.63,180.0,bottom
R6,22R,R_0402_1005Metric,1.78158,-29.83158,135.0,bottom
R60,10k,R_0402_1005Metric,-0.45,-24.71,180.0,bottom
R61,100k,R_0402_1005Metric,20.65,-54.45,270.0,bottom
R62,100k,R_0402_1005Metric,20.65,-47.4896,270.0,bottom
R63,10k,R_0402_1005Metric,20.65,-52.5196,90.0,bottom
R64,10k,R_0402_1005Metric,-0.45,-21.95,180.0,bottom
R65,10k,R_0402_1005Metric,20.65,-45.5638,90.0,bottom
R66,10k,R_0402_1005Metric,-0.45,-20.175,180.0,bottom
R67,10k,R_0402_1005Metric,12.76,-39.85,270.0,bottom
R7,1k,R_0402_1005Metric,14.0,-37.2,270.0,bottom
R71,10k,R_0402_1005Metric,9.875,-43.625,270.0,bottom
R73,10k,R_0402_1005Metric,-0.45,-26.55,180.0,bottom
R74,10k,R_0402_1005Metric,-0.45,-19.225,180.0,bottom
R75,100k,R_0402_1005Metric,20.65,-40.457,270.0,bottom
R77,10k,R_0402_1005Metric,20.65,-38.425,90.0,bottom
R78,10k,R_0402_1005Metric,12.725,-33.975,0.0,bottom
R8,1k,R_0402_1005Metric,15.25,-37.2,270.0,bottom
R81,10k,R_0402_1005Metric,0.83,-6.06,0.0,bottom
R82,10k,R_0402_1005Metric,1.67,-10.44,0.0,bottom
R83,10k,R_0402_1005Metric,1.67,-11.24,0.0,bottom
R84,10k,R_0402_1005Metric,0.83,-5.25,0.0,bottom
R9,100k,R_0402_1005Metric,15.25,-35.05,90.0,bottom
U1,ESP32-S3FN8,ESP32-S3,7.2,-27.5,45.0,bottom
U10,AMS1117-5.0,AZ1117CH-5.0TRG1,1.5,-48.589,270.0,bottom
U11,USBLC6-2SC6-ES,SOT-23-6,0.7125,-8.2,270.0,bottom
U13,W25Q256,SON127P800X600X80-9N-D,4.1,-18.025,45.0,bottom
U2,MS560702BA03-50,MS5607,10.0,-12.225,180.0,bottom
U3,H3LIS331,LIS331,10.0,-6.6,270.0,bottom
U4,LSM6DSV32,LSM6DSO32,10.0,-1.0,90.0,bottom
Y2,X1G0054210307,Oscillator_SMD_SeikoEpson_TG2520SMN-xxx-xxxxxx-4Pin_2.5x2.0mm,14.59,-21.53,270.0,bottom
